{"cameraMode":{"drawMode":2,"name":"Shaded Wireframe","section":"Shading Mode"},"sceneLighting":false,"audioPlay":false,"sceneViewState":{"showFog":true,"showMaterialUpdate":false,"showSkybox":true,"showFlares":true,"showImageEffects":true,"showParticleSystems":true},"in2DMode":false,"pivot":{"x":511.9844970703125,"y":298.26849365234377,"z":114.78244018554688},"rotation":{"x":-0.076734259724617,"y":-0.0023960773833096029,"z":0.00018426858878228813,"w":-0.9970496892929077},"size":190.30078125,"orthographic":false}